ID,System,Alarm,Timestamp,Duration
276,System overview [276],Grid alarm: Grid lost,2024-10-04 16:14:20,"2h, 4m, 45s"
276,System overview [276],Grid alarm: Grid lost,2024-10-03 02:22:16,"1m, 32s"
276,System overview [276],Grid alarm: Grid lost,2024-10-02 20:50:16,"1m, 34s"
276,System overview [276],Grid alarm: Grid lost,2024-10-02 00:12:13,35s
276,System overview [276],Grid alarm: Grid lost,2024-10-01 12:53:12,"1m, 41s"
276,System overview [276],Grid alarm: Grid lost,2024-09-30 12:40:09,39s
276,System overview [276],Grid alarm: Grid lost,2024-09-30 12:39:09,37s
276,System overview [276],Grid alarm: Grid lost,2024-09-29 12:48:15,"12h, 21m, 40s"
276,System overview [276],Grid alarm: Grid lost,2024-09-28 22:02:04,"1m, 37s"
276,System overview [276],Grid alarm: Grid lost,2024-09-28 21:36:33,19s
276,System overview [276],Grid alarm: Grid lost,2024-09-28 21:36:04,24s
276,System overview [276],Grid alarm: Grid lost,2024-09-27 12:28:00,59s
276,System overview [276],Grid alarm: Grid lost,2024-09-23 00:22:49,44s
276,System overview [276],Grid alarm: Grid lost,2024-09-20 02:08:48,"1m, 5s"
276,System overview [276],Grid alarm: Grid lost,2024-09-18 16:39:30,"2m, 16s"
276,System overview [276],Grid alarm: Grid lost,2024-09-18 14:02:31,19s
276,System overview [276],Grid alarm: Grid lost,2024-09-18 06:07:34,"1m, 13s"
276,System overview [276],Grid alarm: Grid lost,2024-09-17 07:34:32,"1m, 15s"
276,System overview [276],Grid alarm: Grid lost,2024-09-16 02:56:25,16s
276,System overview [276],Grid alarm: Grid lost,2024-09-16 02:56:00,25s
276,System overview [276],Grid alarm: Grid lost,2024-09-15 13:46:27,"4h, 58m, 20s"
276,System overview [276],Grid alarm: Grid lost,2024-09-15 10:35:47,"2m, 6s"
276,System overview [276],Grid alarm: Grid lost,2024-09-14 14:22:04,"1m, 40s"
276,System overview [276],Grid alarm: Grid lost,2024-09-13 16:12:21,46s
276,System overview [276],Grid alarm: Grid lost,2024-09-12 09:30:24,"2m, 56s"
276,System overview [276],Grid alarm: Grid lost,2024-09-09 17:07:24,"2m, 24s"
276,System overview [276],Grid alarm: Grid lost,2024-09-07 19:50:45,"2m, 8s"
276,System overview [276],Grid alarm: Grid lost,2024-09-05 00:53:01,"2m, 18s"
276,System overview [276],Grid alarm: Grid lost,2024-09-03 04:06:32,"2m, 29s"
276,System overview [276],Grid alarm: Grid lost,2024-09-02 16:28:26,"2m, 24s"
276,System overview [276],Grid alarm: Grid lost,2024-09-02 04:00:46,"21m, 13s"
276,System overview [276],Grid alarm: Grid lost,2024-09-01 15:39:51,"2m, 15s"
276,System overview [276],Grid alarm: Grid lost,2024-09-01 15:01:30,"2m, 13s"
276,System overview [276],Grid alarm: Grid lost,2024-09-01 14:39:22,"5m, 24s"
276,System overview [276],Grid alarm: Grid lost,2024-09-01 11:25:53,"15m, 10s"
276,System overview [276],Grid alarm: Grid lost,2024-09-01 03:23:51,"4h, 19m, 2s"
276,System overview [276],Grid alarm: Grid lost,2024-09-01 02:47:50,"2m, 7s"
276,System overview [276],Grid alarm: Grid lost,2024-09-01 02:41:17,"2m, 10s"
276,System overview [276],Grid alarm: Grid lost,2024-08-31 17:15:06,3m
276,System overview [276],Grid alarm: Grid lost,2024-08-31 09:38:56,"7h, 34m, 50s"
276,System overview [276],Grid alarm: Grid lost,2024-08-28 19:05:00,"1m, 26s"
276,System overview [276],Grid alarm: Grid lost,2024-08-28 04:52:57,"2m, 26s"
276,System overview [276],Grid alarm: Grid lost,2024-08-24 13:13:08,"1m, 46s"
276,System overview [276],Grid alarm: Grid lost,2024-08-24 01:32:27,"2m, 33s"
276,System overview [276],Grid alarm: Grid lost,2024-08-23 01:42:46,"2m, 4s"
276,System overview [276],Grid alarm: Grid lost,2024-08-22 23:41:51,"2m, 10s"
276,System overview [276],Grid alarm: Grid lost,2024-08-22 15:28:35,"2m, 6s"
276,System overview [276],Grid alarm: Grid lost,2024-08-22 14:07:56,"2m, 21s"
276,System overview [276],Grid alarm: Grid lost,2024-08-22 08:58:14,"2h, 8m, 30s"
276,System overview [276],Grid alarm: Grid lost,2024-08-20 16:33:23,"1m, 59s"
276,System overview [276],Grid alarm: Grid lost,2024-08-15 04:43:58,"1h, 33m, 25s"
276,System overview [276],Grid alarm: Grid lost,2024-08-15 02:06:19,"2m, 49s"
276,System overview [276],Grid alarm: Grid lost,2024-08-12 02:31:22,"2m, 6s"
276,System overview [276],Grid alarm: Grid lost,2024-08-11 23:17:32,"2m, 37s"
276,System overview [276],Grid alarm: Grid lost,2024-08-11 06:29:08,"2m, 3s"
276,System overview [276],Grid alarm: Grid lost,2024-08-10 16:32:18,"2m, 26s"
276,System overview [276],Grid alarm: Grid lost,2024-08-10 16:27:45,"2m, 14s"
276,System overview [276],Grid alarm: Grid lost,2024-08-08 20:25:55,"2m, 35s"
276,System overview [276],Grid alarm: Grid lost,2024-08-03 18:53:09,"1m, 31s"
276,System overview [276],Grid alarm: Grid lost,2024-08-03 17:26:42,"3m, 9s"
276,System overview [276],Grid alarm: Grid lost,2024-08-03 14:37:12,"1h, 45m, 42s"
276,System overview [276],Grid alarm: Grid lost,2024-08-03 13:44:19,"2m, 28s"
276,System overview [276],Grid alarm: Grid lost,2024-07-31 23:31:50,"1h, 35m, 15s"
276,System overview [276],Grid alarm: Grid lost,2024-07-29 05:33:53,"2m, 32s"
276,System overview [276],Grid alarm: Grid lost,2024-07-27 11:40:14,"2h, 11m, 44s"
276,System overview [276],Grid alarm: Grid lost,2024-07-26 15:38:48,"4h, 31m, 32s"
276,System overview [276],Grid alarm: Grid lost,2024-07-24 13:52:11,"13m, 24s"
276,System overview [276],Grid alarm: Grid lost,2024-07-24 11:00:03,"1m, 52s"
276,System overview [276],Grid alarm: Grid lost,2024-07-24 08:54:15,"57m, 3s"
276,System overview [276],Grid alarm: Grid lost,2024-07-23 16:52:11,"1m, 54s"
276,System overview [276],Grid alarm: Grid lost,2024-07-23 11:08:35,29s
276,System overview [276],Grid alarm: Grid lost,2024-07-22 08:13:18,"2m, 28s"
276,System overview [276],Grid alarm: Grid lost,2024-07-21 18:48:20,"2m, 21s"
276,System overview [276],Grid alarm: Grid lost,2024-07-21 17:21:52,"5m, 31s"
276,System overview [276],Grid alarm: Grid lost,2024-07-18 16:22:17,"1m, 41s"
276,System overview [276],Grid alarm: Grid lost,2024-07-18 14:55:14,"1m, 46s"
276,System overview [276],Grid alarm: Grid lost,2024-07-17 11:03:49,"2m, 18s"
276,System overview [276],Grid alarm: Grid lost,2024-07-15 12:46:40,"2m, 13s"
276,System overview [276],Grid alarm: Grid lost,2024-07-14 18:19:16,"9h, 1m, 31s"
276,System overview [276],Grid alarm: Grid lost,2024-07-14 00:49:24,"1m, 57s"
276,System overview [276],Grid alarm: Grid lost,2024-07-13 22:11:17,"1m, 57s"
276,System overview [276],Grid alarm: Grid lost,2024-07-13 09:36:09,"6h, 8m, 40s"
276,System overview [276],Grid alarm: Grid lost,2024-07-11 22:11:47,"2m, 34s"
276,System overview [276],Grid alarm: Grid lost,2024-07-11 06:32:20,"2m, 11s"
276,System overview [276],Grid alarm: Grid lost,2024-07-10 21:44:54,"3m, 33s"
276,System overview [276],Grid alarm: Grid lost,2024-07-10 20:57:07,"47m, 8s"
276,System overview [276],Grid alarm: Grid lost,2024-07-10 02:44:34,"2m, 22s"
276,System overview [276],Grid alarm: Grid lost,2024-07-07 02:23:39,"2m, 23s"
276,System overview [276],Grid alarm: Grid lost,2024-07-03 23:06:41,"2m, 11s"
276,System overview [276],Grid alarm: Grid lost,2024-07-03 09:44:46,"7h, 7m, 1s"
276,System overview [276],Grid alarm: Grid lost,2024-06-27 11:46:41,"1h, 55m, 42s"
276,System overview [276],Grid alarm: Grid lost,2024-06-27 00:46:52,"1h, 38m, 59s"
276,System overview [276],Grid alarm: Grid lost,2024-06-26 19:40:56,"2m, 12s"
276,System overview [276],Grid alarm: Grid lost,2024-06-26 16:04:16,"3m, 9s"
276,System overview [276],Grid alarm: Grid lost,2024-06-26 06:15:17,"1h, 38m, 23s"
276,System overview [276],Grid alarm: Grid lost,2024-06-26 05:16:11,"58m, 31s"
276,System overview [276],Grid alarm: Grid lost,2024-06-26 05:12:27,"3m, 37s"
276,System overview [276],Grid alarm: Grid lost,2024-06-26 03:10:02,"44m, 56s"
276,System overview [276],Grid alarm: Grid lost,2024-06-26 00:51:44,"3m, 10s"
276,System overview [276],Grid alarm: Grid lost,2024-06-25 17:50:08,"4h, 1m, 12s"
276,System overview [276],Grid alarm: Grid lost,2024-06-25 13:51:06,"3h, 46m, 2s"
276,System overview [276],Grid alarm: Grid lost,2024-06-25 02:28:47,"1h, 31m, 5s"
276,System overview [276],Grid alarm: Grid lost,2024-06-21 17:05:55,"1m, 52s"
276,System overview [276],Grid alarm: Grid lost,2024-06-18 15:08:32,"2m, 32s"
276,System overview [276],Grid alarm: Grid lost,2024-06-17 05:01:35,"1h, 52m, 9s"
276,System overview [276],Grid alarm: Grid lost,2024-06-15 09:53:33,"56m, 17s"
276,System overview [276],Grid alarm: Grid lost,2024-06-14 04:36:12,"2m, 44s"
276,System overview [276],Grid alarm: Grid lost,2024-06-11 09:23:25,"7m, 56s"
276,System overview [276],Grid alarm: Grid lost,2024-06-10 02:52:26,"3m, 3s"
276,System overview [276],Grid alarm: Grid lost,2024-06-07 03:05:49,"1m, 18s"
276,System overview [276],Grid alarm: Grid lost,2024-06-07 02:23:52,"3m, 13s"
276,System overview [276],Grid alarm: Grid lost,2024-06-07 00:07:05,"1h, 36m, 23s"
276,System overview [276],Grid alarm: Grid lost,2024-06-06 21:19:30,"58m, 1s"
276,System overview [276],Grid alarm: Grid lost,2024-06-06 10:25:26,27s
276,System overview [276],Grid alarm: Grid lost,2024-06-05 00:46:54,"2m, 10s"
276,System overview [276],Grid alarm: Grid lost,2024-06-03 15:50:03,"18m, 2s"
276,System overview [276],Grid alarm: Grid lost,2024-06-03 08:25:18,"2h, 56s"
276,System overview [276],Grid alarm: Grid lost,2024-06-02 23:15:36,"2m, 33s"
276,System overview [276],Grid alarm: Grid lost,2024-06-02 04:15:17,"1m, 45s"
276,System overview [276],Grid alarm: Grid lost,2024-06-01 04:24:05,"56m, 21s"
276,System overview [276],Grid alarm: Grid lost,2024-05-31 15:54:04,"14m, 11s"
276,System overview [276],Grid alarm: Grid lost,2024-05-31 14:11:07,"27m, 22s"
276,System overview [276],Grid alarm: Grid lost,2024-05-31 12:20:07,"1m, 12s"
276,System overview [276],Grid alarm: Grid lost,2024-05-31 09:53:00,"1h, 38m, 6s"
276,System overview [276],Grid alarm: Grid lost,2024-05-31 09:50:50,"1m, 59s"
276,System overview [276],Grid alarm: Grid lost,2024-05-31 03:23:41,"13m, 45s"
276,System overview [276],Grid alarm: Grid lost,2024-05-30 22:06:14,"2m, 56s"
276,System overview [276],Grid alarm: Grid lost,2024-05-30 19:47:10,"1m, 6s"
276,System overview [276],Grid alarm: Grid lost,2024-05-30 17:09:09,"1h, 52m, 10s"
276,System overview [276],Grid alarm: Grid lost,2024-05-27 13:26:27,"2m, 20s"
276,System overview [276],Grid alarm: Grid lost,2024-05-24 19:57:37,32s
276,System overview [276],Grid alarm: Grid lost,2024-05-23 09:39:06,"5h, 44m, 42s"
276,System overview [276],Grid alarm: Grid lost,2024-05-22 09:45:28,"2m, 40s"
276,System overview [276],Grid alarm: Grid lost,2024-05-20 03:37:34,"3m, 22s"
276,System overview [276],Grid alarm: Grid lost,2024-05-18 14:45:28,"2m, 30s"
276,System overview [276],Grid alarm: Grid lost,2024-05-18 03:55:41,"15m, 46s"
276,System overview [276],Grid alarm: Grid lost,2024-05-18 02:16:26,"37m, 47s"
276,System overview [276],Grid alarm: Grid lost,2024-05-18 00:32:33,"1m, 47s"
276,System overview [276],Grid alarm: Grid lost,2024-05-17 20:09:33,"2h, 53m, 54s"
276,System overview [276],Grid alarm: Grid lost,2024-05-15 22:56:14,"1h, 46m, 8s"
276,System overview [276],Grid alarm: Grid lost,2024-05-14 04:35:43,"1m, 59s"
276,System overview [276],Grid alarm: Grid lost,2024-05-13 01:39:32,"44m, 53s"
276,System overview [276],Grid alarm: Grid lost,2024-05-11 23:03:12,"1m, 54s"
276,System overview [276],Grid alarm: Grid lost,2024-05-10 22:29:37,"2m, 5s"
276,System overview [276],Grid alarm: Grid lost,2024-05-07 08:45:12,"9m, 39s"
276,System overview [276],Grid alarm: Grid lost,2024-05-05 23:31:42,"1m, 58s"
276,System overview [276],Grid alarm: Grid lost,2024-05-03 09:44:53,"5h, 45m, 7s"
276,System overview [276],Grid alarm: Grid lost,2024-04-30 08:51:27,"1m, 46s"
276,System overview [276],Grid alarm: Grid lost,2024-04-29 13:14:43,"3m, 5s"
276,System overview [276],Grid alarm: Grid lost,2024-04-29 09:41:07,"2m, 26s"
276,System overview [276],Grid alarm: Grid lost,2024-04-27 21:41:36,"1h, 36m, 3s"
276,System overview [276],Grid alarm: Grid lost,2024-04-27 21:36:59,"2m, 49s"
276,System overview [276],Grid alarm: Grid lost,2024-04-24 22:16:30,"2m, 23s"
276,System overview [276],Grid alarm: Grid lost,2024-04-20 18:58:27,"2m, 5s"
276,System overview [276],Grid alarm: Grid lost,2024-04-20 10:19:50,"2m, 22s"
276,System overview [276],Grid alarm: Grid lost,2024-04-19 17:44:47,27s
276,System overview [276],Grid alarm: Grid lost,2024-04-18 14:05:57,20s
276,System overview [276],Grid alarm: Grid lost,2024-04-14 16:14:24,"2m, 12s"
276,System overview [276],Grid alarm: Grid lost,2024-04-14 15:39:10,"1m, 56s"
276,System overview [276],Grid alarm: Grid lost,2024-04-13 18:05:57,"2m, 35s"
276,System overview [276],Grid alarm: Grid lost,2024-04-13 16:07:51,"2m, 25s"
276,System overview [276],Grid alarm: Grid lost,2024-04-10 19:45:03,"2m, 13s"
276,System overview [276],Grid alarm: Grid lost,2024-04-08 23:25:43,"2m, 53s"
276,System overview [276],Grid alarm: Grid lost,2024-04-08 04:47:34,"2m, 4s"
276,System overview [276],Grid alarm: Grid lost,2024-04-07 20:59:48,"15m, 38s"
276,System overview [276],Grid alarm: Grid lost,2024-04-07 20:10:53,"28m, 2s"
276,System overview [276],Grid alarm: Grid lost,2024-04-07 17:39:22,"1h, 7m, 30s"
276,System overview [276],Grid alarm: Grid lost,2024-04-05 00:17:39,"1h, 22m"
276,System overview [276],Grid alarm: Grid lost,2024-04-04 08:08:47,"4h, 31m, 3s"
276,System overview [276],Grid alarm: Grid lost,2024-04-02 13:54:38,16s
276,System overview [276],Grid alarm: Grid lost,2024-03-31 12:03:05,"2m, 28s"
276,System overview [276],Grid alarm: Grid lost,2024-03-27 04:53:08,"7h, 4m, 25s"
276,System overview [276],Grid alarm: Grid lost,2024-03-25 06:37:36,"8m, 18s"
276,System overview [276],Grid alarm: Grid lost,2024-03-25 02:47:17,"38m, 32s"
276,System overview [276],Grid alarm: Grid lost,2024-03-25 01:08:53,"1h, 24m, 27s"
276,System overview [276],Grid alarm: Grid lost,2024-03-18 10:36:31,51s
276,System overview [276],Grid alarm: Grid lost,2024-03-13 22:30:29,"1m, 14s"
276,System overview [276],Grid alarm: Grid lost,2024-03-13 14:01:27,24s
276,System overview [276],Grid alarm: Grid lost,2024-03-13 08:23:54,17s
276,System overview [276],Grid alarm: Grid lost,2024-03-12 22:00:50,"3m, 1s"
276,System overview [276],Grid alarm: Grid lost,2024-03-12 15:36:12,"2h, 1m, 23s"
276,System overview [276],Grid alarm: Grid lost,2024-03-12 02:28:23,"2m, 16s"
276,System overview [276],Grid alarm: Grid lost,2024-03-10 02:00:34,"2m, 17s"
276,System overview [276],Grid alarm: Grid lost,2024-03-06 04:33:48,2m
276,System overview [276],Grid alarm: Grid lost,2024-02-27 20:14:04,"2m, 32s"
276,System overview [276],Grid alarm: Grid lost,2024-02-24 08:21:51,"2m, 47s"
276,System overview [276],Grid alarm: Grid lost,2024-02-23 22:54:33,"2m, 3s"
276,System overview [276],Grid alarm: Grid lost,2024-02-16 15:42:15,"3m, 34s"
276,System overview [276],Grid alarm: Grid lost,2024-02-16 01:06:26,"1h, 45m, 55s"
276,System overview [276],Grid alarm: Grid lost,2024-02-13 17:57:56,"2m, 24s"
276,System overview [276],Grid alarm: Grid lost,2024-02-13 15:54:58,"1h, 28m, 2s"
276,System overview [276],Grid alarm: Grid lost,2024-02-12 16:21:37,"2m, 25s"
276,System overview [276],Grid alarm: Grid lost,2024-02-09 01:19:17,"11h, 36m, 27s"
276,System overview [276],Grid alarm: Grid lost,2024-02-08 21:47:56,"1m, 48s"
276,System overview [276],Grid alarm: Grid lost,2024-02-07 13:48:02,27s
276,System overview [276],Grid alarm: Grid lost,2024-02-06 23:34:29,"2m, 25s"
276,System overview [276],Grid alarm: Grid lost,2024-02-05 10:26:50,"4h, 22m, 11s"
276,System overview [276],Grid alarm: Grid lost,2024-02-04 20:07:03,"1m, 44s"
276,System overview [276],Grid alarm: Grid lost,2024-02-04 16:51:11,"1h, 39m, 34s"
276,System overview [276],Grid alarm: Grid lost,2024-02-04 03:58:00,"12h, 51m, 23s"
276,System overview [276],Grid alarm: Grid lost,2024-02-01 23:04:40,"4h, 9m, 23s"
276,System overview [276],Grid alarm: Grid lost,2024-02-01 11:50:48,"1h, 8m, 10s"
276,System overview [276],Grid alarm: Grid lost,2024-02-01 02:48:56,"2h, 26m, 10s"
276,System overview [276],Grid alarm: Grid lost,2024-01-29 06:32:57,"38m, 29s"
276,System overview [276],Grid alarm: Grid lost,2024-01-29 03:09:22,"2h, 5m, 28s"
276,System overview [276],Grid alarm: Grid lost,2024-01-22 12:57:12,20s
276,System overview [276],Grid alarm: Grid lost,2024-01-13 02:53:06,"2m, 24s"
276,System overview [276],Grid alarm: Grid lost,2024-01-12 23:25:18,19s
276,System overview [276],Grid alarm: Grid lost,2024-01-10 02:00:52,"1m, 51s"
276,System overview [276],Grid alarm: Grid lost,2024-01-06 20:21:06,"2m, 30s"
276,System overview [276],Grid alarm: Grid lost,2024-01-05 21:53:15,"2m, 18s"
276,System overview [276],Grid alarm: Grid lost,2024-01-02 13:36:29,"2m, 22s"
276,System overview [276],Grid alarm: Grid lost,2023-12-26 19:31:41,"16m, 10s"
276,System overview [276],Grid alarm: Grid lost,2023-12-26 07:26:25,"2m, 14s"
276,System overview [276],Grid alarm: Grid lost,2023-12-24 11:43:30,"28m, 46s"
276,System overview [276],Grid alarm: Grid lost,2023-12-24 06:57:53,"2m, 16s"
276,System overview [276],Grid alarm: Grid lost,2023-12-21 07:51:50,"2m, 22s"
276,System overview [276],Grid alarm: Grid lost,2023-12-18 07:40:11,"2m, 17s"
276,System overview [276],Grid alarm: Grid lost,2023-12-14 01:01:18,"2m, 19s"
276,System overview [276],Grid alarm: Grid lost,2023-12-13 07:54:27,"1h, 32m, 3s"
276,System overview [276],Grid alarm: Grid lost,2023-12-10 12:22:20,18s
276,System overview [276],Grid alarm: Grid lost,2023-12-08 17:28:10,"3m, 7s"
276,System overview [276],Grid alarm: Grid lost,2023-12-07 00:56:14,"2h, 46m"
276,System overview [276],Grid alarm: Grid lost,2023-12-06 17:56:16,28s
276,System overview [276],Grid alarm: Grid lost,2023-11-28 17:25:52,19s
276,System overview [276],Grid alarm: Grid lost,2023-11-27 18:54:36,"3m, 18s"
276,System overview [276],Grid alarm: Grid lost,2023-11-26 03:45:27,20s
276,System overview [276],Grid alarm: Grid lost,2023-11-23 05:59:21,"2m, 19s"
276,System overview [276],Grid alarm: Grid lost,2023-11-21 08:36:43,"13h, 56m, 37s"
276,System overview [276],Grid alarm: Grid lost,2023-11-21 06:31:48,"1h, 44m, 32s"
276,System overview [276],Grid alarm: Grid lost,2023-11-21 05:32:18,"56m, 55s"
276,System overview [276],Grid alarm: Grid lost,2023-11-21 04:11:33,"1h, 18m, 9s"
276,System overview [276],Grid alarm: Grid lost,2023-11-21 02:25:19,"1h, 43m, 39s"
276,System overview [276],Grid alarm: Grid lost,2023-11-21 01:47:03,"35m, 39s"
276,System overview [276],Grid alarm: Grid lost,2023-11-21 00:47:33,"56m, 55s"
276,System overview [276],Grid alarm: Grid lost,2023-11-20 22:45:50,"1h, 59m, 8s"
276,System overview [276],Grid alarm: Grid lost,2023-11-20 22:07:34,"35m, 40s"
276,System overview [276],Grid alarm: Grid lost,2023-11-20 21:12:20,"52m, 39s"
276,System overview [276],Grid alarm: Grid lost,2023-11-20 20:41:22,"28m, 23s"
276,System overview [276],Grid alarm: Grid lost,2023-11-20 19:27:03,"27m, 50s"
276,System overview [276],Grid alarm: Grid lost,2023-11-20 19:22:47,"1m, 40s"
276,System overview [276],Grid alarm: Grid lost,2023-11-20 19:18:33,"1m, 40s"
276,System overview [276],Grid alarm: Grid lost,2023-11-20 19:14:18,"1m, 39s"
276,System overview [276],Grid alarm: Grid lost,2023-11-20 19:05:35,"6m, 7s"
276,System overview [276],Grid alarm: Grid lost,2023-11-20 18:15:24,"47m, 37s"
276,System overview [276],Grid alarm: Grid lost,2023-11-20 18:11:11,"1m, 38s"
276,System overview [276],Grid alarm: Grid lost,2023-11-20 18:06:55,"1m, 39s"
276,System overview [276],Grid alarm: Grid lost,2023-11-20 17:45:39,"18m, 40s"
276,System overview [276],Grid alarm: Grid lost,2023-11-20 17:06:13,"36m, 51s"
276,System overview [276],Grid alarm: Grid lost,2023-11-16 15:25:19,17s
276,System overview [276],Grid alarm: Grid lost,2023-11-16 00:07:18,"2m, 4s"
276,System overview [276],Grid alarm: Grid lost,2023-11-15 17:37:26,"2m, 12s"
276,System overview [276],Grid alarm: Grid lost,2023-11-15 05:46:34,"1h, 12m, 21s"
276,System overview [276],Grid alarm: Grid lost,2023-11-11 15:40:14,"2m, 23s"
276,System overview [276],Grid alarm: Grid lost,2023-11-11 08:56:08,"5h, 2m, 54s"
276,System overview [276],Grid alarm: Grid lost,2023-11-10 03:51:48,"1h, 33m, 29s"
276,System overview [276],Grid alarm: Grid lost,2023-11-09 18:42:36,"4h, 36m, 37s"
276,System overview [276],Grid alarm: Grid lost,2023-11-03 08:18:13,"26m, 42s"
276,System overview [276],Grid alarm: Grid lost,2023-11-02 19:40:50,"2m, 2s"
276,System overview [276],Grid alarm: Grid lost,2023-11-02 15:34:23,19s
276,System overview [276],Grid alarm: Grid lost,2023-11-02 13:55:22,"2m, 25s"
276,System overview [276],Grid alarm: Grid lost,2023-11-01 15:26:43,"1m, 38s"
276,System overview [276],Grid alarm: Grid lost,2023-11-01 15:19:02,"3m, 39s"
276,System overview [276],Grid alarm: Grid lost,2023-11-01 12:27:41,28s
276,System overview [276],Grid alarm: Grid lost,2023-10-21 06:40:39,"1m, 33s"
276,System overview [276],Grid alarm: Grid lost,2023-10-19 10:54:56,"3h, 24m, 12s"
276,System overview [276],Grid alarm: Grid lost,2023-10-18 03:36:43,"1m, 28s"
276,System overview [276],Grid alarm: Grid lost,2023-10-17 21:54:38,"3h, 7m, 10s"
276,System overview [276],Grid alarm: Grid lost,2023-10-12 01:41:35,"2m, 22s"
276,System overview [276],Grid alarm: Grid lost,2023-10-10 01:33:43,"3m, 21s"
276,System overview [276],Grid alarm: Grid lost,2023-10-09 14:40:24,"4m, 42s"
276,System overview [276],Grid alarm: Grid lost,2023-10-08 14:59:29,18s
276,System overview [276],Grid alarm: Grid lost,2023-10-07 09:16:16,"4h, 14m, 57s"
276,System overview [276],Grid alarm: Grid lost,2023-10-05 09:33:33,"2m, 49s"
276,System overview [276],Grid alarm: Grid lost,2023-10-03 09:44:14,"8h, 48m, 1s"
276,System overview [276],Grid alarm: Grid lost,2023-09-30 12:53:47,"32m, 22s"
276,System overview [276],Grid alarm: Grid lost,2023-09-29 21:56:21,37s
276,System overview [276],Grid alarm: Grid lost,2023-09-26 22:39:39,"11h, 4m, 8s"
276,System overview [276],Grid alarm: Grid lost,2023-09-26 16:47:25,47s
276,System overview [276],Grid alarm: Grid lost,2023-09-26 03:30:43,"14m, 26s"
276,System overview [276],Grid alarm: Grid lost,2023-09-25 16:15:38,"3h, 1m, 4s"
276,System overview [276],Grid alarm: Grid lost,2023-09-23 16:08:53,"1m, 45s"
276,System overview [276],Grid alarm: Grid lost,2023-09-22 16:03:48,"2m, 18s"
276,System overview [276],Grid alarm: Grid lost,2023-09-22 04:44:01,"1m, 51s"
276,System overview [276],Grid alarm: Grid lost,2023-09-21 23:34:35,"2m, 25s"
276,System overview [276],Grid alarm: Grid lost,2023-09-20 13:53:40,19s
276,System overview [276],Grid alarm: Grid lost,2023-09-17 14:46:37,"2m, 8s"
276,System overview [276],Grid alarm: Grid lost,2023-09-15 13:41:50,"6m, 43s"
276,System overview [276],Grid alarm: Grid lost,2023-09-14 10:11:06,"2m, 4s"
276,System overview [276],Grid alarm: Grid lost,2023-09-14 02:15:09,"1m, 55s"
276,System overview [276],Grid alarm: Grid lost,2023-09-13 15:35:47,"2m, 15s"
276,System overview [276],Grid alarm: Grid lost,2023-09-13 03:00:35,"1m, 27s"
276,System overview [276],Grid alarm: Grid lost,2023-09-10 18:05:31,"2m, 16s"
276,System overview [276],Grid alarm: Grid lost,2023-09-09 23:16:46,"2m, 3s"
276,System overview [276],Grid alarm: Grid lost,2023-09-08 18:43:24,"2m, 1s"
276,System overview [276],Grid alarm: Grid lost,2023-09-08 00:23:56,2m
276,System overview [276],Grid alarm: Grid lost,2023-09-06 23:40:33,"3m, 25s"
276,System overview [276],Grid alarm: Grid lost,2023-09-06 23:25:39,"2m, 5s"
276,System overview [276],Grid alarm: Grid lost,2023-09-06 06:15:14,"1h, 47m, 3s"
276,System overview [276],Grid alarm: Grid lost,2023-09-05 01:07:25,"51m, 45s"
276,System overview [276],Grid alarm: Grid lost,2023-09-04 20:22:16,"2m, 21s"
276,System overview [276],Grid alarm: Grid lost,2023-09-02 13:54:11,"2m, 22s"
276,System overview [276],Grid alarm: Grid lost,2023-09-01 04:41:34,"2m, 8s"
276,System overview [276],Grid alarm: Grid lost,2023-08-31 23:48:50,"3h, 29m, 38s"
276,System overview [276],Grid alarm: Grid lost,2023-08-31 12:04:28,"2m, 18s"
276,System overview [276],Grid alarm: Grid lost,2023-08-30 07:42:10,"2m, 21s"
276,System overview [276],Grid alarm: Grid lost,2023-08-30 03:33:16,"2m, 21s"
276,System overview [276],Grid alarm: Grid lost,2023-08-29 21:37:38,"2m, 7s"
276,System overview [276],Grid alarm: Grid lost,2023-08-27 17:21:58,"2m, 12s"
276,System overview [276],Grid alarm: Grid lost,2023-08-26 22:06:44,"2m, 11s"
276,System overview [276],Grid alarm: Grid lost,2023-08-26 19:12:26,"3m, 9s"
276,System overview [276],Grid alarm: Grid lost,2023-08-26 14:17:15,"14m, 16s"
276,System overview [276],Grid alarm: Grid lost,2023-08-26 04:22:24,"2m, 11s"
276,System overview [276],Grid alarm: Grid lost,2023-08-25 22:35:33,"1m, 59s"
276,System overview [276],Grid alarm: Grid lost,2023-08-24 13:54:59,"1h, 36m, 30s"
276,System overview [276],Grid alarm: Grid lost,2023-08-24 11:05:45,"1h, 46m, 27s"
276,System overview [276],Grid alarm: Grid lost,2023-08-23 15:29:00,"1m, 21s"
276,System overview [276],Grid alarm: Grid lost,2023-08-23 15:26:08,"2m, 6s"
276,System overview [276],Grid alarm: Grid lost,2023-08-23 14:59:54,58s
276,System overview [276],Grid alarm: Grid lost,2023-08-22 09:47:45,"6h, 46m, 37s"
276,System overview [276],Grid alarm: Grid lost,2023-08-21 22:17:38,"4h, 4m, 9s"
276,System overview [276],Grid alarm: Grid lost,2023-08-20 01:02:27,"4h, 39m, 1s"
276,System overview [276],Grid alarm: Grid lost,2023-08-19 03:14:11,"1h, 28m, 51s"
276,System overview [276],Grid alarm: Grid lost,2023-08-19 01:40:58,20s
276,System overview [276],Grid alarm: Grid lost,2023-08-18 18:50:48,"6h, 37m, 17s"
276,System overview [276],Grid alarm: Grid lost,2023-08-18 18:04:34,"3m, 58s"
276,System overview [276],Grid alarm: Grid lost,2023-08-18 18:01:20,"2m, 9s"
276,System overview [276],Grid alarm: Grid lost,2023-08-18 05:05:55,"2m, 2s"
276,System overview [276],Grid alarm: Grid lost,2023-08-18 03:10:32,"29m, 23s"
276,System overview [276],Grid alarm: Grid lost,2023-08-18 00:02:38,"2m, 18s"
276,System overview [276],Grid alarm: Grid lost,2023-08-17 12:00:02,"3h, 13m, 7s"
276,System overview [276],Grid alarm: Grid lost,2023-08-17 00:57:45,"4h, 13m, 38s"
276,System overview [276],Grid alarm: Grid lost,2023-08-15 14:12:12,"44m, 33s"
276,System overview [276],Grid alarm: Grid lost,2023-08-13 01:42:09,"18m, 44s"
276,System overview [276],Grid alarm: Grid lost,2023-08-13 01:16:42,"2m, 13s"
276,System overview [276],Grid alarm: Grid lost,2023-08-12 21:27:39,"1h, 47m, 35s"
276,System overview [276],Grid alarm: Grid lost,2023-08-12 18:53:11,3m
276,System overview [276],Grid alarm: Grid lost,2023-08-12 16:46:19,"6m, 13s"
276,System overview [276],Grid alarm: Grid lost,2023-08-11 05:40:28,"8m, 36s"
276,System overview [276],Grid alarm: Grid lost,2023-08-11 04:38:23,"3m, 13s"
276,System overview [276],Grid alarm: Grid lost,2023-08-11 01:25:11,"3m, 37s"
276,System overview [276],Grid alarm: Grid lost,2023-08-10 21:20:52,"1h, 52m, 59s"
276,System overview [276],Grid alarm: Grid lost,2023-08-10 04:37:35,"2m, 21s"
276,System overview [276],Grid alarm: Grid lost,2023-08-09 16:12:51,"6h, 21m, 39s"
276,System overview [276],Grid alarm: Grid lost,2023-08-09 15:56:53,"1m, 50s"
276,System overview [276],Grid alarm: Grid lost,2023-08-09 12:41:15,"1m, 37s"
276,System overview [276],Grid alarm: Grid lost,2023-08-07 20:11:54,"2h, 5m, 19s"
276,System overview [276],Grid alarm: Grid lost,2023-08-07 20:05:27,"2m, 20s"
276,System overview [276],Grid alarm: Grid lost,2023-08-07 16:28:17,"2m, 29s"
276,System overview [276],Grid alarm: Grid lost,2023-08-07 13:58:51,"1h, 31m, 59s"
276,System overview [276],Grid alarm: Grid lost,2023-08-07 02:30:10,"1m, 35s"
276,System overview [276],Grid alarm: Grid lost,2023-08-04 22:06:14,"2m, 19s"
276,System overview [276],Grid alarm: Grid lost,2023-08-03 14:57:39,"14m, 36s"
276,System overview [276],Grid alarm: Grid lost,2023-08-03 13:59:41,"34m, 24s"
276,System overview [276],Grid alarm: Grid lost,2023-08-03 11:26:13,"1h, 18m, 21s"
276,System overview [276],Grid alarm: Grid lost,2023-08-03 09:05:55,"18m, 8s"
276,System overview [276],Grid alarm: Grid lost,2023-08-02 19:56:15,"2m, 9s"
276,System overview [276],Grid alarm: Grid lost,2023-08-02 19:42:16,"2m, 11s"
276,System overview [276],Grid alarm: Grid lost,2023-08-02 19:21:00,2m
276,System overview [276],Grid alarm: Grid lost,2023-07-30 10:40:54,"1m, 50s"
276,System overview [276],Grid alarm: Grid lost,2023-07-30 09:37:07,"5m, 59s"
276,System overview [276],Grid alarm: Grid lost,2023-07-29 22:47:23,"12m, 39s"
276,System overview [276],Grid alarm: Grid lost,2023-07-29 19:16:58,"2h, 35m, 18s"
276,System overview [276],Grid alarm: Grid lost,2023-07-29 18:59:39,"4m, 13s"
276,System overview [276],Grid alarm: Grid lost,2023-07-29 17:56:21,"3m, 15s"
276,System overview [276],Grid alarm: Grid lost,2023-07-29 16:30:03,"5m, 1s"
276,System overview [276],Grid alarm: Grid lost,2023-07-29 15:54:51,"2m, 47s"
276,System overview [276],Grid alarm: Grid lost,2023-07-29 08:59:32,"6h, 27m, 52s"
276,System overview [276],Grid alarm: Grid lost,2023-07-28 17:54:53,"2m, 28s"
276,System overview [276],Grid alarm: Grid lost,2023-07-27 15:13:04,"5m, 53s"
276,System overview [276],Grid alarm: Grid lost,2023-07-27 12:40:22,"2m, 12s"
276,System overview [276],Grid alarm: Grid lost,2023-07-27 08:30:40,"2m, 4s"
276,System overview [276],Grid alarm: Grid lost,2023-07-26 21:52:59,"8m, 22s"
276,System overview [276],Grid alarm: Grid lost,2023-07-26 13:55:38,"37m, 57s"
276,System overview [276],Grid alarm: Grid lost,2023-07-26 13:15:33,"38m, 16s"
276,System overview [276],Grid alarm: Grid lost,2023-07-26 04:31:35,"2m, 8s"
276,System overview [276],Grid alarm: Grid lost,2023-07-26 02:40:31,"12m, 3s"
276,System overview [276],Grid alarm: Grid lost,2023-07-25 14:25:20,"2m, 4s"
276,System overview [276],Grid alarm: Grid lost,2023-07-21 02:42:56,20s
276,System overview [276],Grid alarm: Grid lost,2023-07-20 20:53:13,20s
276,System overview [276],Grid alarm: Grid lost,2023-07-20 17:05:59,"11m, 20s"
276,System overview [276],Grid alarm: Grid lost,2023-07-19 15:44:57,"2m, 59s"
276,System overview [276],Grid alarm: Grid lost,2023-07-19 05:31:28,"2m, 44s"
276,System overview [276],Grid alarm: Grid lost,2023-07-19 04:18:55,"2m, 22s"
276,System overview [276],Grid alarm: Grid lost,2023-07-18 17:04:46,"1m, 20s"
276,System overview [276],Grid alarm: Grid lost,2023-07-18 14:15:46,32s
276,System overview [276],Grid alarm: Grid lost,2023-07-18 12:01:43,"43m, 6s"
276,System overview [276],Grid alarm: Grid lost,2023-07-18 08:27:44,"2h, 42m, 20s"
276,System overview [276],Grid alarm: Grid lost,2023-07-14 21:31:32,"1m, 53s"
276,System overview [276],Grid alarm: Grid lost,2023-07-14 15:04:42,"3m, 41s"
276,System overview [276],Grid alarm: Grid lost,2023-07-14 12:47:53,"1h, 34m, 44s"
276,System overview [276],Grid alarm: Grid lost,2023-07-12 17:36:29,5h
276,System overview [276],Grid alarm: Grid lost,2023-07-10 12:17:47,"2m, 29s"
276,System overview [276],Grid alarm: Grid lost,2023-07-10 06:20:43,"2m, 20s"
276,System overview [276],Grid alarm: Grid lost,2023-07-09 20:04:58,"1m, 48s"
276,System overview [276],Grid alarm: Grid lost,2023-07-07 11:56:18,47s
276,System overview [276],Grid alarm: Grid lost,2023-07-07 10:59:05,21s
276,System overview [276],Grid alarm: Grid lost,2023-07-07 08:16:12,"2m, 14s"
276,System overview [276],Grid alarm: Grid lost,2023-07-06 10:11:26,"7h, 31m, 1s"
276,System overview [276],Grid alarm: Grid lost,2023-07-06 10:08:26,"2m, 36s"
276,System overview [276],Grid alarm: Grid lost,2023-07-06 10:05:44,"2m, 25s"
276,System overview [276],Grid alarm: Grid lost,2023-07-06 10:04:29,20s
276,System overview [276],Grid alarm: Grid lost,2023-07-05 11:56:27,"5m, 56s"
276,System overview [276],Grid alarm: Grid lost,2023-07-04 14:46:24,"1m, 7s"
276,System overview [276],Grid alarm: Grid lost,2023-07-03 22:23:58,"1m, 25s"
276,System overview [276],Grid alarm: Grid lost,2023-07-03 21:07:27,40s
276,System overview [276],Grid alarm: Grid lost,2023-07-03 18:12:33,"2h, 4m, 11s"
276,System overview [276],Grid alarm: Grid lost,2023-07-03 15:18:35,"3m, 59s"
276,System overview [276],Grid alarm: Grid lost,2023-07-03 14:30:27,"9m, 48s"
276,System overview [276],Grid alarm: Grid lost,2023-07-02 15:38:34,"1m, 48s"
276,System overview [276],Grid alarm: Grid lost,2023-07-02 11:12:24,"7m, 45s"
276,System overview [276],Grid alarm: Grid lost,2023-07-01 17:34:31,"7m, 22s"
276,System overview [276],Grid alarm: Grid lost,2023-07-01 06:48:59,"4m, 43s"
